action,emergency_budget_type,emergency_budget_pct,emergency_cap,paths_used_in_lp,path_library_k,cycle,selected_od_count,active_od_count,PR,MLU,DB,decision_ms,exceeds_literal_K50_condition,all_od_lp_used,selected_od_lp_used,nonselected_policy,gnn_lpd_used,dqn_used_at_inference,rf_used_at_inference
EMERGENCY,percentage,60,2400,3,8,200,1412,2352,1.0,0.8463622423638533,0.023440458715084576,343.7,True,0,1,ECMP,1,1,0
EMERGENCY,percentage,60,2400,3,8,201,1412,2352,1.0,0.8488004065000853,0.0015451057400909206,301.0,True,0,1,ECMP,1,1,0
EMERGENCY,percentage,60,2400,3,8,202,1412,2352,1.0,0.8548373511360607,0.0010066340137863759,345.7,True,0,1,ECMP,1,1,0
EMERGENCY,percentage,60,2400,3,8,203,1412,2352,1.0,0.8384724709508331,0.0019487690809948507,330.4,True,0,1,ECMP,1,1,0
EMERGENCY,percentage,60,2400,3,8,204,1412,2352,1.0,0.8389156396389609,0.001633272613856094,291.6,True,0,1,ECMP,1,1,0
EMERGENCY,percentage,60,2400,3,8,205,1412,2352,1.0,0.8344528953562148,0.00189814639549469,367.4,True,0,1,ECMP,1,1,0
EMERGENCY,percentage,60,2400,3,8,206,1412,2352,1.0,0.8250100482767717,0.0009277896945571269,303.8,True,0,1,ECMP,1,1,0
EMERGENCY,percentage,60,2400,3,8,207,1412,2352,1.0,0.8177448471608909,0.002563533799016346,361.2,True,0,1,ECMP,1,1,0
EMERGENCY,percentage,60,2400,3,8,208,1412,2352,0.9923521462249574,0.8245243631966933,0.00179208317828117,314.4,True,0,1,ECMP,1,1,0
EMERGENCY,percentage,60,2400,3,8,209,1412,2352,1.0,0.8279169385313397,0.0017614559090394907,368.8,True,0,1,ECMP,1,1,0
EMERGENCY,percentage,60,2400,3,8,210,1412,2352,1.0,0.8279253414337597,0.0022297743157293284,319.1,True,0,1,ECMP,1,1,0
EMERGENCY,percentage,60,2400,3,8,211,1412,2352,1.0,0.8254445627820745,0.0018534980807558893,344.9,True,0,1,ECMP,1,1,0
EMERGENCY,percentage,60,2400,3,8,212,1412,2352,1.0,0.8301542543109375,0.0012435506735991185,436.8,True,0,1,ECMP,1,1,0
EMERGENCY,percentage,60,2400,3,8,213,1412,2352,1.0,0.8109565255700221,0.004059575872459243,350.8,True,0,1,ECMP,1,1,0
EMERGENCY,percentage,60,2400,3,8,214,1412,2352,1.0,0.8091307228583924,0.0028137345868421934,410.7,True,0,1,ECMP,1,1,0
EMERGENCY,percentage,60,2400,3,8,215,1412,2352,1.0,0.8205756701252425,0.001702367737815782,327.5,True,0,1,ECMP,1,1,0
EMERGENCY,percentage,60,2400,3,8,216,1412,2352,0.9999999999999999,0.8075183236003562,0.0029205822899009202,455.3,True,0,1,ECMP,1,1,0
EMERGENCY,percentage,60,2400,3,8,217,1412,2352,0.9983090657954808,0.801200225447214,0.002226938910509502,532.5,True,0,1,ECMP,1,1,0
EMERGENCY,percentage,60,2400,3,8,218,1412,2352,0.9958180110856817,0.7954081265186919,0.005307681393344147,458.6,True,0,1,ECMP,1,1,0
EMERGENCY,percentage,60,2400,3,8,219,1412,2352,0.9943447704543559,0.8027597897204021,0.0011962486135969742,488.0,True,0,1,ECMP,1,1,0
EMERGENCY,percentage,60,2400,3,8,220,1412,2352,1.0,0.7943475614503416,0.001034994514710394,353.5,True,0,1,ECMP,1,1,0
EMERGENCY,percentage,60,2400,3,8,221,1412,2352,1.0,0.777735016941817,0.002373393782838721,450.7,True,0,1,ECMP,1,1,0
EMERGENCY,percentage,60,2400,3,8,222,1412,2352,0.9999999999999996,0.776285166123741,0.0013399023914966533,402.2,True,0,1,ECMP,1,1,0
EMERGENCY,percentage,60,2400,3,8,223,1412,2352,1.0,0.7558114825993791,0.006578598773723423,472.8,True,0,1,ECMP,1,1,0
EMERGENCY,percentage,60,2400,3,8,224,1412,2352,1.0,0.7505935321910171,0.0016088526938444403,588.4,True,0,1,ECMP,1,1,0
EMERGENCY,percentage,60,2400,3,8,225,1412,2352,1.0,0.749433182456004,0.0004649857666394219,375.2,True,0,1,ECMP,1,1,0
EMERGENCY,percentage,60,2400,3,8,226,1412,2352,0.9999999999999997,0.7296641796706913,0.002709584939190323,535.3,True,0,1,ECMP,1,1,0
EMERGENCY,percentage,60,2400,3,8,227,1412,2352,1.0,0.7252311516159421,0.0009871273609062857,473.5,True,0,1,ECMP,1,1,0
EMERGENCY,percentage,60,2400,3,8,228,1412,2352,1.0,0.7193463918878666,0.0016867285232265454,610.8,True,0,1,ECMP,1,1,0
EMERGENCY,percentage,60,2400,3,8,229,1412,2352,1.0,0.698285824773187,0.0029463995303788985,428.3,True,0,1,ECMP,1,1,0
EMERGENCY,percentage,60,2400,3,8,230,1412,2352,1.0,0.6907918892435254,0.0015100601038880717,410.7,True,0,1,ECMP,1,1,0
EMERGENCY,percentage,60,2400,3,8,231,1412,2352,1.0,0.6727272250761618,0.005961152160518659,671.0,True,0,1,ECMP,1,1,0
EMERGENCY,percentage,60,2400,3,8,232,1412,2352,1.0,0.6778539958552114,0.0017324705502328927,485.5,True,0,1,ECMP,1,1,0
EMERGENCY,percentage,60,2400,3,8,233,1412,2352,1.0,0.6759382090593231,0.002606517281859401,619.3,True,0,1,ECMP,1,1,0
EMERGENCY,percentage,60,2400,3,8,234,1412,2352,1.0,0.6718843861584327,0.0030019338933468184,561.2,True,0,1,ECMP,1,1,0
EMERGENCY,percentage,60,2400,3,8,235,1412,2352,1.0,0.6681237241469072,0.0008332776083428235,460.9,True,0,1,ECMP,1,1,0
EMERGENCY,percentage,60,2400,3,8,236,1412,2352,1.0,0.6563936940846332,0.0026449589706276336,706.5,True,0,1,ECMP,1,1,0
EMERGENCY,percentage,60,2400,3,8,237,1412,2352,1.0,0.6574511928579826,0.0009293201861064188,451.4,True,0,1,ECMP,1,1,0
EMERGENCY,percentage,60,2400,3,8,238,1412,2352,1.0,0.6425747252174162,0.003077926197464359,577.5,True,0,1,ECMP,1,1,0
EMERGENCY,percentage,60,2400,3,8,239,1412,2352,1.0,0.6318543052015186,0.002027647937644996,535.1,True,0,1,ECMP,1,1,0
EMERGENCY,percentage,60,2400,3,8,240,1412,2352,1.0,0.6325017616468291,0.0012780851865489458,464.9,True,0,1,ECMP,1,1,0
EMERGENCY,percentage,60,2400,3,8,241,1412,2352,1.0,0.6239515767856635,0.0009634627907221845,691.3,True,0,1,ECMP,1,1,0
EMERGENCY,percentage,60,2400,3,8,242,1412,2352,1.0,0.617107772195741,0.00127183047283127,447.7,True,0,1,ECMP,1,1,0
EMERGENCY,percentage,60,2400,3,8,243,1412,2352,1.0,0.5987716805740172,0.0019386152631560136,525.6,True,0,1,ECMP,1,1,0
EMERGENCY,percentage,60,2400,3,8,244,1412,2352,1.0,0.586085530889331,0.0018447979486454248,399.2,True,0,1,ECMP,1,1,0
EMERGENCY,percentage,60,2400,3,8,245,1412,2352,1.0,0.5677385203487423,0.0030645345357138117,491.0,True,0,1,ECMP,1,1,0
EMERGENCY,percentage,60,2400,3,8,246,1412,2352,1.0,0.5718963528138477,0.0004792717471201942,450.1,True,0,1,ECMP,1,1,0
EMERGENCY,percentage,60,2400,3,8,247,1412,2352,1.0,0.5609155598967646,0.0005701326395278818,410.3,True,0,1,ECMP,1,1,0
EMERGENCY,percentage,60,2400,3,8,248,1412,2352,1.0,0.5443445055666516,0.0012467735713314972,513.9,True,0,1,ECMP,1,1,0
EMERGENCY,percentage,60,2400,3,8,249,1412,2352,1.0,0.5302609677010252,0.0002533200589610958,543.3,True,0,1,ECMP,1,1,0
EMERGENCY,percentage,60,2400,3,8,250,1412,2352,1.0,0.5128984513019763,0.0020100546887206125,609.9,True,0,1,ECMP,1,1,0
EMERGENCY,percentage,60,2400,3,8,251,1412,2352,1.0,0.5066186436188018,0.0004252407524139021,453.5,True,0,1,ECMP,1,1,0
EMERGENCY,percentage,60,2400,3,8,252,1412,2352,0.9999999999999999,0.48877882794224553,0.0010391271344685846,527.8,True,0,1,ECMP,1,1,0
EMERGENCY,percentage,60,2400,3,8,253,1412,2352,1.0,0.48551865367813646,0.00022109143299027127,654.7,True,0,1,ECMP,1,1,0
EMERGENCY,percentage,60,2400,3,8,254,1412,2352,1.0,0.4714885748264238,0.0016030087151715463,456.0,True,0,1,ECMP,1,1,0
EMERGENCY,percentage,60,2400,3,8,255,1412,2352,1.0,0.45743286251790305,0.0025603940225647865,699.1,True,0,1,ECMP,1,1,0
EMERGENCY,percentage,60,2400,3,8,256,1412,2352,1.0,0.46530504876420153,0.00040991061674837935,444.8,True,0,1,ECMP,1,1,0
EMERGENCY,percentage,60,2400,3,8,257,1412,2352,1.0,0.4575503236147846,0.000273794075602289,585.9,True,0,1,ECMP,1,1,0
EMERGENCY,percentage,60,2400,3,8,258,1412,2352,1.0,0.4553919653854633,0.000493728356228701,388.0,True,0,1,ECMP,1,1,0
EMERGENCY,percentage,60,2400,3,8,259,1412,2352,1.0,0.4455358154005622,0.0010649277711235424,380.7,True,0,1,ECMP,1,1,0
EMERGENCY,percentage,60,2400,3,8,260,1412,2352,1.0,0.44866398678512537,7.476023802129294e-06,402.5,True,0,1,ECMP,1,1,0
EMERGENCY,percentage,60,2400,3,8,261,1412,2352,0.9999999999999999,0.4399610725156925,0.0003871092007925191,417.1,True,0,1,ECMP,1,1,0
EMERGENCY,percentage,60,2400,3,8,262,1412,2352,1.0,0.44412529799690686,6.425702613334366e-05,470.0,True,0,1,ECMP,1,1,0
EMERGENCY,percentage,60,2400,3,8,263,1412,2352,0.9999999999999999,0.4582427260579457,2.105351983497762e-06,355.5,True,0,1,ECMP,1,1,0
EMERGENCY,percentage,60,2400,3,8,264,1412,2352,1.0,0.44604873099853937,0.00025327393233245206,339.7,True,0,1,ECMP,1,1,0
EMERGENCY,percentage,60,2400,3,8,265,1412,2352,1.0,0.4567546483158698,0.00021335557574586681,451.2,True,0,1,ECMP,1,1,0
EMERGENCY,percentage,60,2400,3,8,266,1412,2352,1.0,0.4563827144102758,0.00020916967189483788,350.5,True,0,1,ECMP,1,1,0
EMERGENCY,percentage,60,2400,3,8,267,1412,2352,1.0,0.45905107120758415,0.0004652895818980742,436.8,True,0,1,ECMP,1,1,0
EMERGENCY,percentage,60,2400,3,8,268,1412,2352,1.0,0.4655374246022658,0.00039191902367229916,354.3,True,0,1,ECMP,1,1,0
EMERGENCY,percentage,60,2400,3,8,269,1412,2352,1.0,0.47169907070873546,0.0001962997115534155,447.4,True,0,1,ECMP,1,1,0
EMERGENCY,percentage,60,2400,3,8,270,1412,2352,1.0,0.47253720436518054,0.0003382843407376484,352.9,True,0,1,ECMP,1,1,0
EMERGENCY,percentage,60,2400,3,8,271,1412,2352,1.0,0.4812179761550851,0.00010605096361361385,371.2,True,0,1,ECMP,1,1,0
EMERGENCY,percentage,60,2400,3,8,272,1412,2352,1.0,0.4883809889542916,0.00033186822246324057,403.2,True,0,1,ECMP,1,1,0
EMERGENCY,percentage,60,2400,3,8,273,1412,2352,1.0,0.5004347304633986,0.00013684892134507628,354.6,True,0,1,ECMP,1,1,0
EMERGENCY,percentage,60,2400,3,8,274,1412,2352,1.0,0.49275311791784004,0.0002939497898761326,459.2,True,0,1,ECMP,1,1,0
EMERGENCY,percentage,60,2400,3,8,275,1412,2352,1.0,0.5068398124935591,0.00024950435526202135,362.3,True,0,1,ECMP,1,1,0
EMERGENCY,percentage,60,2400,3,8,276,1412,2352,1.0,0.5275272075041701,0.00020036645263030002,398.5,True,0,1,ECMP,1,1,0
EMERGENCY,percentage,60,2400,3,8,277,1412,2352,1.0,0.5191914030205601,3.1208991913311365e-05,592.2,True,0,1,ECMP,1,1,0
EMERGENCY,percentage,60,2400,3,8,278,1412,2352,0.9999999999999998,0.5434769355172068,3.191661762118794e-05,326.3,True,0,1,ECMP,1,1,0
EMERGENCY,percentage,60,2400,3,8,279,1412,2352,1.0,0.5524952084800541,0.00017908940397263955,475.1,True,0,1,ECMP,1,1,0
EMERGENCY,percentage,60,2400,3,8,280,1412,2352,1.0,0.579458350710925,0.0002967253339769786,314.0,True,0,1,ECMP,1,1,0
EMERGENCY,percentage,60,2400,3,8,281,1412,2352,1.0,0.5833719573609513,0.00015290909582039156,375.7,True,0,1,ECMP,1,1,0
EMERGENCY,percentage,60,2400,3,8,282,1412,2352,1.0,0.5960646055352686,0.0005742354087750293,298.8,True,0,1,ECMP,1,1,0
EMERGENCY,percentage,60,2400,3,8,283,1412,2352,1.0,0.6148856970724346,1.816626917532276e-05,343.2,True,0,1,ECMP,1,1,0
EMERGENCY,percentage,60,2400,3,8,284,1412,2352,1.0,0.6297130418922757,0.0010074542984303907,383.8,True,0,1,ECMP,1,1,0
EMERGENCY,percentage,60,2400,3,8,285,1412,2352,1.0,0.6486577455422691,0.0010369704689457394,300.6,True,0,1,ECMP,1,1,0
EMERGENCY,percentage,60,2400,3,8,286,1412,2352,1.0,0.6608055512298304,0.0011535690373817372,557.2,True,0,1,ECMP,1,1,0
EMERGENCY,percentage,60,2400,3,8,287,1412,2352,1.0,0.6812562133286432,0.000895702920560165,291.4,True,0,1,ECMP,1,1,0
EMERGENCY,percentage,60,2400,3,8,288,1412,2352,1.0,0.7025597985776468,0.0004159445299386409,306.0,True,0,1,ECMP,1,1,0
EMERGENCY,percentage,60,2400,3,8,289,1412,2352,1.0,0.7080423128088985,0.0011050230568624068,383.4,True,0,1,ECMP,1,1,0
EMERGENCY,percentage,60,2400,3,8,290,1412,2352,1.0,0.7323936871965377,0.0008068309601687636,314.6,True,0,1,ECMP,1,1,0
EMERGENCY,percentage,60,2400,3,8,291,1412,2352,1.0,0.7379997776689111,0.0005629990885272714,380.2,True,0,1,ECMP,1,1,0
EMERGENCY,percentage,60,2400,3,8,292,1412,2352,1.0,0.7468820717038097,0.0006234511686556187,290.6,True,0,1,ECMP,1,1,0
EMERGENCY,percentage,60,2400,3,8,293,1412,2352,1.0,0.7645747700201299,0.00034985804573076107,491.6,True,0,1,ECMP,1,1,0
EMERGENCY,percentage,60,2400,3,8,294,1412,2352,1.0,0.757989464436324,0.00028705508879391827,326.2,True,0,1,ECMP,1,1,0
EMERGENCY,percentage,60,2400,3,8,295,1412,2352,1.0,0.7688148198990665,0.0006042131434513216,324.3,True,0,1,ECMP,1,1,0
EMERGENCY,percentage,60,2400,3,8,296,1412,2352,1.0,0.7660595859355231,0.001099131165540979,398.7,True,0,1,ECMP,1,1,0
EMERGENCY,percentage,60,2400,3,8,297,1412,2352,1.0,0.764488535153738,0.0006086932896355968,339.8,True,0,1,ECMP,1,1,0
EMERGENCY,percentage,60,2400,3,8,298,1412,2352,1.0,0.7748717684541316,0.0013927122638774144,482.3,True,0,1,ECMP,1,1,0
EMERGENCY,percentage,60,2400,3,8,299,1412,2352,1.0,0.7586797024414481,0.0008622623659021436,328.4,True,0,1,ECMP,1,1,0
EMERGENCY,percentage,60,2400,3,8,300,1412,2352,1.0,0.7630186743487214,0.0007260961355599939,376.7,True,0,1,ECMP,1,1,0
EMERGENCY,percentage,60,2400,3,8,301,1412,2352,1.0,0.7497280186075603,0.0007030825478765483,305.2,True,0,1,ECMP,1,1,0
EMERGENCY,percentage,60,2400,3,8,302,1412,2352,1.0,0.7547625518096814,0.0003108154919544566,319.5,True,0,1,ECMP,1,1,0
EMERGENCY,percentage,60,2400,3,8,303,1412,2352,1.0,0.7448654457956964,0.00022226460883239976,475.4,True,0,1,ECMP,1,1,0
EMERGENCY,percentage,60,2400,3,8,304,1412,2352,1.0,0.7392098480864095,0.0011856510136745392,347.7,True,0,1,ECMP,1,1,0
EMERGENCY,percentage,60,2400,3,8,305,1412,2352,1.0,0.7499245487960915,0.00047987799028582304,454.1,True,0,1,ECMP,1,1,0
EMERGENCY,percentage,60,2400,3,8,306,1412,2352,1.0,0.7495871591645219,0.0006802731538208439,373.8,True,0,1,ECMP,1,1,0
EMERGENCY,percentage,60,2400,3,8,307,1412,2352,1.0,0.7472679049137587,0.0005401576474067328,354.9,True,0,1,ECMP,1,1,0
EMERGENCY,percentage,60,2400,3,8,308,1412,2352,0.9932607583729313,0.7468772221075044,0.0018373326392515266,444.6,True,0,1,ECMP,1,1,0
EMERGENCY,percentage,60,2400,3,8,309,1412,2352,1.0,0.7441351846043002,0.0010761614452167235,333.7,True,0,1,ECMP,1,1,0
EMERGENCY,percentage,60,2400,3,8,310,1412,2352,1.0,0.7422795519817061,0.00036877827974738877,422.7,True,0,1,ECMP,1,1,0
EMERGENCY,percentage,60,2400,3,8,311,1412,2352,1.0,0.7403002137299975,0.0009442845371527675,337.4,True,0,1,ECMP,1,1,0
EMERGENCY,percentage,60,2400,3,8,312,1412,2352,1.0,0.7370218942722409,0.0011221860070821591,376.0,True,0,1,ECMP,1,1,0
EMERGENCY,percentage,60,2400,3,8,313,1412,2352,1.0,0.7342753583942071,0.00020634482145656232,440.4,True,0,1,ECMP,1,1,0
EMERGENCY,percentage,60,2400,3,8,314,1412,2352,1.0,0.7211969671353698,0.002142849060946728,360.7,True,0,1,ECMP,1,1,0
EMERGENCY,percentage,60,2400,3,8,315,1412,2352,1.0,0.7273784633230672,0.00047275498843509997,453.7,True,0,1,ECMP,1,1,0
EMERGENCY,percentage,60,2400,3,8,316,1412,2352,1.0,0.713087246842515,0.0011506686669326908,399.3,True,0,1,ECMP,1,1,0
EMERGENCY,percentage,60,2400,3,8,317,1412,2352,1.0,0.6957650655886508,0.0025800079700092128,552.1,True,0,1,ECMP,1,1,0
EMERGENCY,percentage,60,2400,3,8,318,1412,2352,1.0,0.691698528042021,0.0017990805020981176,457.5,True,0,1,ECMP,1,1,0
EMERGENCY,percentage,60,2400,3,8,319,1412,2352,1.0,0.6885781306449995,0.0006065334359417519,385.1,True,0,1,ECMP,1,1,0
EMERGENCY,percentage,60,2400,3,8,320,1412,2352,1.0,0.6768577311541143,0.0015377329275199855,563.2,True,0,1,ECMP,1,1,0
EMERGENCY,percentage,60,2400,3,8,321,1412,2352,0.9999999999999999,0.6704237342091818,0.001002508959616047,416.5,True,0,1,ECMP,1,1,0
EMERGENCY,percentage,60,2400,3,8,322,1412,2352,1.0,0.659989927336347,0.001186848602267887,557.6,True,0,1,ECMP,1,1,0
EMERGENCY,percentage,60,2400,3,8,323,1412,2352,1.0,0.6523682689034761,0.0008813054122393352,455.4,True,0,1,ECMP,1,1,0
EMERGENCY,percentage,60,2400,3,8,324,1412,2352,1.0,0.6444393743092148,0.0006062397815755217,472.8,True,0,1,ECMP,1,1,0
EMERGENCY,percentage,60,2400,3,8,325,1412,2352,1.0,0.6331512383294899,0.002355457171892537,489.4,True,0,1,ECMP,1,1,0
EMERGENCY,percentage,60,2400,3,8,326,1412,2352,1.0,0.6245993023579991,0.0008546323148548187,422.8,True,0,1,ECMP,1,1,0
EMERGENCY,percentage,60,2400,3,8,327,1412,2352,1.0,0.6086989143590494,0.0014105614203252911,685.8,True,0,1,ECMP,1,1,0
EMERGENCY,percentage,60,2400,3,8,328,1412,2352,1.0,0.6056304934572432,0.006071746953626226,490.3,True,0,1,ECMP,1,1,0
EMERGENCY,percentage,60,2400,3,8,329,1412,2352,1.0,0.5920459872333317,0.005602638303444477,764.9,True,0,1,ECMP,1,1,0
EMERGENCY,percentage,60,2400,3,8,330,1412,2352,1.0,0.6075094692799389,0.0013851464926847275,544.1,True,0,1,ECMP,1,1,0
EMERGENCY,percentage,60,2400,3,8,331,1412,2352,1.0,0.5943664472017218,0.0015528770077125073,537.6,True,0,1,ECMP,1,1,0
EMERGENCY,percentage,60,2400,3,8,332,1412,2352,1.0,0.6091873613490866,0.0001455512047403835,632.0,True,0,1,ECMP,1,1,0
EMERGENCY,percentage,60,2400,3,8,333,1412,2352,1.0,0.5848018574428648,0.0017442714090288194,446.3,True,0,1,ECMP,1,1,0
EMERGENCY,percentage,60,2400,3,8,334,1412,2352,1.0,0.5738588433211607,0.002133996005622778,571.8,True,0,1,ECMP,1,1,0
EMERGENCY,percentage,60,2400,3,8,335,1412,2352,1.0,0.5692357675055542,0.001308554201583329,532.5,True,0,1,ECMP,1,1,0
EMERGENCY,percentage,60,2400,3,8,336,1412,2352,1.0,0.5686743481860888,0.0010341779218631436,441.5,True,0,1,ECMP,1,1,0
EMERGENCY,percentage,60,2400,3,8,337,1412,2352,1.0,0.5559732626653756,0.0013854345682546955,560.7,True,0,1,ECMP,1,1,0
EMERGENCY,percentage,60,2400,3,8,338,1412,2352,1.0,0.5508932782276001,0.0008043605784175898,520.3,True,0,1,ECMP,1,1,0
EMERGENCY,percentage,60,2400,3,8,339,1412,2352,1.0,0.5341509962894344,0.0022436109221320656,636.2,True,0,1,ECMP,1,1,0
EMERGENCY,percentage,60,2400,3,8,340,1412,2352,1.0,0.5246210088061154,0.001640644339119242,524.7,True,0,1,ECMP,1,1,0
EMERGENCY,percentage,60,2400,3,8,341,1412,2352,1.0,0.5205241582405261,0.0002566007607364742,536.1,True,0,1,ECMP,1,1,0
EMERGENCY,percentage,60,2400,3,8,342,1412,2352,1.0,0.5081516554014929,0.00117205086898977,528.4,True,0,1,ECMP,1,1,0
EMERGENCY,percentage,60,2400,3,8,343,1412,2352,1.0,0.4924845535966785,0.0013390548030732885,448.7,True,0,1,ECMP,1,1,0
EMERGENCY,percentage,60,2400,3,8,344,1412,2352,1.0,0.47746772247063524,0.00164539861825372,602.8,True,0,1,ECMP,1,1,0
EMERGENCY,percentage,60,2400,3,8,345,1412,2352,1.0,0.469895385848299,0.0009294200890044257,519.2,True,0,1,ECMP,1,1,0
EMERGENCY,percentage,60,2400,3,8,346,1412,2352,1.0,0.4647630554902802,0.0004373221720175123,591.4,True,0,1,ECMP,1,1,0
EMERGENCY,percentage,60,2400,3,8,347,1412,2352,1.0,0.44951960977194444,0.0007373158095735691,560.2,True,0,1,ECMP,1,1,0
EMERGENCY,percentage,60,2400,3,8,348,1412,2352,1.0,0.44330502059733656,0.0007118821212835383,585.2,True,0,1,ECMP,1,1,0
EMERGENCY,percentage,60,2400,3,8,349,1412,2352,1.0,0.4326953388566796,0.0013380998455102414,769.2,True,0,1,ECMP,1,1,0
EMERGENCY,percentage,60,2400,3,8,350,1412,2352,1.0,0.4181995210538363,0.0008798903107938542,644.7,True,0,1,ECMP,1,1,0
EMERGENCY,percentage,60,2400,3,8,351,1412,2352,1.0,0.4108315967580885,0.0009363135484368156,778.7,True,0,1,ECMP,1,1,0
EMERGENCY,percentage,60,2400,3,8,352,1412,2352,1.0,0.40842649312791884,0.0002719738616706624,602.8,True,0,1,ECMP,1,1,0
EMERGENCY,percentage,60,2400,3,8,353,1412,2352,1.0,0.4109723234222763,0.0003213724204304621,685.0,True,0,1,ECMP,1,1,0
EMERGENCY,percentage,60,2400,3,8,354,1412,2352,1.0,0.40154817656635355,0.00011954785398193512,505.5,True,0,1,ECMP,1,1,0
EMERGENCY,percentage,60,2400,3,8,355,1412,2352,1.0,0.40335515466352334,0.00014852553502846198,461.3,True,0,1,ECMP,1,1,0
EMERGENCY,percentage,60,2400,3,8,356,1412,2352,1.0,0.403494501605542,0.0004979604339790147,542.6,True,0,1,ECMP,1,1,0
EMERGENCY,percentage,60,2400,3,8,357,1412,2352,1.0,0.39945567968084067,0.0005050004839431875,520.2,True,0,1,ECMP,1,1,0
EMERGENCY,percentage,60,2400,3,8,358,1412,2352,1.0,0.40188654222955467,0.0006896447086979918,616.6,True,0,1,ECMP,1,1,0
EMERGENCY,percentage,60,2400,3,8,359,1412,2352,1.0,0.4021693344113399,0.00022858529403430353,485.1,True,0,1,ECMP,1,1,0
EMERGENCY,percentage,60,2400,3,8,360,1412,2352,1.0,0.4018432145631786,0.00010965755535899578,417.3,True,0,1,ECMP,1,1,0
EMERGENCY,percentage,60,2400,3,8,361,1412,2352,1.0,0.4040976231212608,0.00027981936304531007,491.0,True,0,1,ECMP,1,1,0
EMERGENCY,percentage,60,2400,3,8,362,1412,2352,1.0,0.40550086053180795,0.0003864533509185133,340.1,True,0,1,ECMP,1,1,0
EMERGENCY,percentage,60,2400,3,8,363,1412,2352,1.0,0.4117875107874415,0.0002525800556737989,434.0,True,0,1,ECMP,1,1,0
EMERGENCY,percentage,60,2400,3,8,364,1412,2352,1.0,0.41277884999996756,0.00017415087089816915,407.7,True,0,1,ECMP,1,1,0
EMERGENCY,percentage,60,2400,3,8,365,1412,2352,1.0,0.4265591256110125,0.0003918508725716503,552.9,True,0,1,ECMP,1,1,0
EMERGENCY,percentage,60,2400,3,8,366,1412,2352,1.0,0.4223551817637902,0.000270551489620359,364.2,True,0,1,ECMP,1,1,0
EMERGENCY,percentage,60,2400,3,8,367,1412,2352,1.0,0.43701228393052016,0.00042398668819011986,403.8,True,0,1,ECMP,1,1,0
EMERGENCY,percentage,60,2400,3,8,368,1412,2352,1.0,0.437930467528834,0.00032829503578855933,470.7,True,0,1,ECMP,1,1,0
EMERGENCY,percentage,60,2400,3,8,369,1412,2352,1.0,0.4375192851587289,0.0005695545574833178,347.9,True,0,1,ECMP,1,1,0
EMERGENCY,percentage,60,2400,3,8,370,1412,2352,1.0,0.44232242604999766,8.545431251741856e-06,436.7,True,0,1,ECMP,1,1,0
EMERGENCY,percentage,60,2400,3,8,371,1412,2352,1.0,0.4607238073883005,0.00011933195753002871,340.0,True,0,1,ECMP,1,1,0
EMERGENCY,percentage,60,2400,3,8,372,1412,2352,1.0,0.4626114154424792,0.00033838585788437397,425.9,True,0,1,ECMP,1,1,0
EMERGENCY,percentage,60,2400,3,8,373,1412,2352,1.0,0.4680230066716431,0.00040501983138248435,335.5,True,0,1,ECMP,1,1,0
EMERGENCY,percentage,60,2400,3,8,374,1412,2352,1.0,0.47299219411879934,0.00046159467119863244,327.0,True,0,1,ECMP,1,1,0
EMERGENCY,percentage,60,2400,3,8,375,1412,2352,1.0,0.48646643000583867,0.0003035366899379325,390.9,True,0,1,ECMP,1,1,0
EMERGENCY,percentage,60,2400,3,8,376,1412,2352,1.0,0.5084752572700808,3.5985562424944984e-05,317.3,True,0,1,ECMP,1,1,0
EMERGENCY,percentage,60,2400,3,8,377,1412,2352,1.0,0.5264140051475473,0.00046867566679457154,422.9,True,0,1,ECMP,1,1,0
EMERGENCY,percentage,60,2400,3,8,378,1412,2352,1.0,0.5369118521166493,0.00030455886375758794,330.5,True,0,1,ECMP,1,1,0
EMERGENCY,percentage,60,2400,3,8,379,1412,2352,1.0,0.556351601544314,0.00011281549985654572,330.1,True,0,1,ECMP,1,1,0
EMERGENCY,percentage,60,2400,3,8,380,1412,2352,1.0,0.5795731208944881,0.0005740887663973997,489.9,True,0,1,ECMP,1,1,0
EMERGENCY,percentage,60,2400,3,8,381,1412,2352,1.0,0.5827236576628597,8.859688976171491e-05,408.9,True,0,1,ECMP,1,1,0
EMERGENCY,percentage,60,2400,3,8,382,1412,2352,1.0,0.6001241002703662,0.00045768872497218215,510.3,True,0,1,ECMP,1,1,0
EMERGENCY,percentage,60,2400,3,8,383,1412,2352,1.0,0.619066126570472,0.00019619930244703344,336.7,True,0,1,ECMP,1,1,0
EMERGENCY,percentage,60,2400,3,8,384,1412,2352,1.0,0.6232441696185231,0.0010653198403855339,299.7,True,0,1,ECMP,1,1,0
EMERGENCY,percentage,60,2400,3,8,385,1412,2352,1.0,0.6414741984224354,0.0004242029080896652,472.2,True,0,1,ECMP,1,1,0
EMERGENCY,percentage,60,2400,3,8,386,1412,2352,1.0,0.6609021640840441,0.00041068432545756864,369.2,True,0,1,ECMP,1,1,0
EMERGENCY,percentage,60,2400,3,8,387,1412,2352,1.0,0.6634231220799238,0.00016737015153029368,426.9,True,0,1,ECMP,1,1,0
EMERGENCY,percentage,60,2400,3,8,388,1412,2352,1.0,0.6771822480188942,0.0005689605515543321,313.8,True,0,1,ECMP,1,1,0
EMERGENCY,percentage,60,2400,3,8,389,1412,2352,1.0,0.6867764148021146,0.00013967320873252426,417.6,True,0,1,ECMP,1,1,0
EMERGENCY,percentage,60,2400,3,8,390,1412,2352,1.0,0.6868605910609238,0.00033015134686540065,315.7,True,0,1,ECMP,1,1,0
EMERGENCY,percentage,60,2400,3,8,391,1412,2352,1.0,0.697691279272099,0.00042708546195501407,328.5,True,0,1,ECMP,1,1,0
EMERGENCY,percentage,60,2400,3,8,392,1412,2352,1.0,0.6915207744605425,0.0003077016943917861,408.1,True,0,1,ECMP,1,1,0
EMERGENCY,percentage,60,2400,3,8,393,1412,2352,1.0,0.685880766844361,0.0008417543078120665,330.7,True,0,1,ECMP,1,1,0
EMERGENCY,percentage,60,2400,3,8,394,1412,2352,1.0,0.6959156683937144,0.0003756257060697834,486.3,True,0,1,ECMP,1,1,0
EMERGENCY,percentage,60,2400,3,8,395,1412,2352,1.0,0.6777892054870511,0.0012842673996891895,389.1,True,0,1,ECMP,1,1,0
EMERGENCY,percentage,60,2400,3,8,396,1412,2352,1.0,0.6955034982132089,0.00027469472276099447,473.6,True,0,1,ECMP,1,1,0
EMERGENCY,percentage,60,2400,3,8,397,1412,2352,1.0,0.6774592179194686,0.0005431226801812683,685.2,True,0,1,ECMP,1,1,0
EMERGENCY,percentage,60,2400,3,8,398,1412,2352,1.0,0.6788353771893428,9.43339550412267e-05,412.3,True,0,1,ECMP,1,1,0
EMERGENCY,percentage,60,2400,3,8,399,1412,2352,0.9999999999999997,0.6746658701794948,0.0007652662578115466,461.5,True,0,1,ECMP,1,1,0
